,response_time,waiting_time,vehicle_density,trigger_density,info_value
1,87103.65416906303,99900.0,0.0003072287232710175,0.00031381375904144463,0.17367681596353313
2,88212.66532048388,99900.0,0.0003486487972106832,0.00035734263597707804,0.1736893197277575
3,89543.08555201776,99900.0,0.00031996111871836913,0.0003303260843872288,0.17368091068732672
4,89218.47294639074,99900.0,0.0002667436846220166,0.00027567625580304924,0.17365763439578957
5,89553.67404766177,99900.0,0.00021963382146681558,0.00022713399816002113,0.17362071490280168
6,89525.20551479074,99900.0,0.0001872457905476149,0.00019265705861273933,0.1735716563420629
7,89466.49931567062,99900.0,0.00016570019012654956,0.00016900265519570636,0.17350567022174582
8,89157.88304321747,99900.0,0.00014288135016074906,0.000145248779939241,0.17336153556672068
