,response_time,waiting_time,vehicle_density,trigger_density,info_value
1,81874.94432210171,99900.0,0.00038579158205475435,0.0004551831372428207,0.16495951261410974
2,84013.68142421602,99900.0,0.00047046201177964263,0.0005860085004643587,0.1665139934521061
3,78812.25796133609,99900.0,0.0004274901771448309,0.0005328507494716656,0.1645056396107873
4,77525.83913767635,99200.0,0.0004376760935027122,0.000491152154381589,0.16575096206489554
5,81176.44138491605,98150.0,0.0004542282075842693,0.0004898789148368539,0.16694060937204508
6,81646.20703082847,99900.0,0.0004058451048843331,0.0004618676448526803,0.16339193773373548
7,82722.31171996778,99900.0,0.0004991099015361838,0.0005233014528861519,0.1685345937451182
8,82150.34008928438,99900.0,0.0005328507494716656,0.0005379437076506062,0.16908299362343934
9,60444.086021505376,81100.0,0.0005856901905781749,0.0005856901905781749,0.17304896016259952
