,response_time,waiting_time,vehicle_density,trigger_density,info_value
1,7229.930715068687,8380.859375,0.00018468190388624386,0.00018620133623357434,0.21981517152341024
2,8505.113497338782,9595.3125,0.0002270320395246029,0.00022912592174465564,0.21630348063012028
3,6885.3978663913085,7925.78125,0.0002467374109161682,0.00024737403068853577,0.22237760526878947
4,6385.661512214916,7403.515625,0.00025955435742703735,0.00026084003095170157,0.22464126514454547
5,8033.515776126135,9032.03125,0.0002654455771174233,0.000267474802641845,0.21854467815703582
6,7847.906805255365,8994.7265625,0.0002755369952278438,0.00027725537125403914,0.21904293214790327
7,7360.94087035827,8431.8359375,0.0002859293156525475,0.0002865584750369576,0.2205264307561169
8,8783.39920424501,9790.625,0.00029661259120759094,0.00029930827805620987,0.2165256592421943
9,5035.294117647059,6100.0,0.00029029861619961713,0.00029029861619961713,0.22814685534674392
