,response_time,waiting_time,vehicle_density,trigger_density,info_value
1,67500.5909940512,99900.0,0.0002612528390853462,0.0003138336534093311,0.17365511066717249
2,68247.41541688394,99900.0,0.00029545125748221726,0.00035296587504205087,0.17367218315448563
3,68515.902291706,99900.0,0.0002688723819858707,0.00032835654196646663,0.17365931487684078
4,68002.29582565982,99900.0,0.00023198822392432394,0.0002722146357908005,0.17363422412867274
5,68188.22327912343,99900.0,0.00018710652997240947,0.00022757167425352387,0.17357717700693748
6,69468.4539343922,99900.0,0.00015764297113252237,0.0001828093465089283,0.17350956240301035
7,68292.3969402457,99900.0,0.00013886268784767868,0.00015975177412848996,0.1734310687215868
8,70027.78012618245,99900.0,0.00012065934123154317,0.0001380669131322192,0.17329187063879464
