,response_time,waiting_time,vehicle_density,trigger_density,info_value
1,70879.55238325232,99900.0,0.00024123910499154036,0.00030213576509207686,0.17364177450485807
2,72081.13564314792,99900.0,0.00027973470685189257,0.00034948436066191565,0.1736650269574227
3,71621.89755041234,99900.0,0.0002589649867784002,0.00032708330242173147,0.17365387474122462
4,72233.53319642396,99900.0,0.00021965371583470205,0.00027390565706115187,0.17362192858059444
5,70711.54135094905,99900.0,0.00018054138856986876,0.00022046938491804803,0.1735657688145974
6,70807.89839477694,99900.0,0.000159672196656944,0.0001951040658627772,0.17350583213123877
7,71286.13015972938,99900.0,0.00013327237047157587,0.00016554103518345763,0.17334670478349506
8,69440.29314763944,99900.0,0.00011391515051802409,0.00013406814518703535,0.17304647449413146
