,response_time,waiting_time,vehicle_density,trigger_density,info_value
1,7435.4261020569365,9430.078125,0.0002632920117937111,0.0002747312733284411,0.19747704440901112
2,7695.374138380408,9900.0,0.0002973412224314335,0.0003147885830678825,0.20022383825376344
3,7947.90995092927,9900.0,0.00031226199834629874,0.00032141340757408266,0.20165793247179828
4,7677.679156405906,9685.15625,0.0003240096225832692,0.00033520020451941813,0.2030225733126262
5,7709.056007796058,9900.0,0.00034303858546669394,0.0003544281110817077,0.20397946859755137
6,7925.082305566566,9892.7734375,0.0003671008234253999,0.0003764909650678217,0.20568504856753425
7,7542.549969246624,9542.578125,0.0004019955446982979,0.00040655135494430345,0.2082267001348762
8,7332.455158424251,9250.0,0.0004244861275939714,0.0004355275017709716,0.21003785632746136
9,4954.848764719464,6900.0,0.0003488676352574346,0.0003488676352574346,0.21299749393685874
