,response_time,waiting_time,vehicle_density,trigger_density,info_value
1,6747.322379653362,9900.0,0.00017486900692623419,0.00020156227503792803,0.21393980956759334
2,7014.895382999664,9900.0,0.0002169157534543243,0.00023800875700597204,0.21511670709987482
3,6865.2946332693755,9900.0,0.0002330053234825206,0.0002583830765177205,0.21540384557625142
4,6936.37450648204,9900.0,0.00023642715475899635,0.00026963831514950046,0.21547572600673365
5,6639.904690217415,9900.0,0.0002507535864332527,0.00027783479471873307,0.21566977420617478
6,6893.524997290446,9900.0,0.00025238989819191624,0.000290049936601036,0.21571497902102055
7,6799.21336096682,9900.0,0.0002732665504927985,0.000303040958830912,0.21591882177065203
8,6915.654567118894,9900.0,0.00027424137451923636,0.00031184172982469665,0.2159469699896467
