,response_time,waiting_time,vehicle_density,trigger_density,info_value
1,88999.66510992157,99900.0,0.0002931634051752712,0.0003104317165007419,0.17274514918990375
2,89118.27144789351,99900.0,0.0004132458097381063,0.00042470496564072274,0.17323510911386272
3,89175.1717359974,99900.0,0.0004004338368192087,0.0004202486272341496,0.17318548875446008
4,89893.25966743898,99900.0,0.00038913383585968415,0.00040298031590867904,0.1731565300099419
5,90230.96321525249,99900.0,0.0003263472108099314,0.00033541904256616944,0.17286681721813768
6,90285.99998937675,99900.0,0.0002629239659878111,0.00027207537521559507,0.1721310963004264
7,90788.88833350834,99900.0,0.0002041957919869017,0.0002127105814423181,0.1701343863742728
8,85579.14177964794,99900.0,0.00016345212655537652,0.00017522959234417677,0.16566902672967862
9,64714.624505928856,75500.0,0.000328495802541672,0.000328495802541672,0.17726599405023635
