,response_time,waiting_time,vehicle_density,trigger_density,info_value
1,78055.31457424312,99900.0,0.0002914723839049199,0.00031055108270806083,0.17367038545111693
2,78850.3891568547,99900.0,0.0003335091832490667,0.0003583771431071753,0.173685120471071
3,79914.78316244081,99900.0,0.0002957098842647415,0.00031942397078543397,0.1736719739507233
4,79259.9676679289,99900.0,0.00023521111152193484,0.0002543892821645082,0.17363676959527113
5,79253.13467160643,99900.0,0.00018179473374671745,0.00019864526334657188,0.1735696636579154
6,79361.87383965604,99900.0,0.0001309447294288569,0.00014230441349204093,0.17340333858478366
7,79086.94590618103,99900.0,9.599032505229937e-05,0.00010426638209307793,0.1730450618060781
8,80036.44350316448,99900.0,6.624824506200145e-05,7.227623853160698e-05,0.17195783454473548
