,response_time,waiting_time,vehicle_density,trigger_density,info_value
1,7928.233508919182,9900.0,0.0002082828411895819,0.0002134970306728308,0.2172315236594829
2,8009.992075944688,9900.0,0.00023256702569002144,0.00023864537677833962,0.21726168610088165
3,7938.933987934917,9900.0,0.00023782722089900785,0.0002446833174318884,0.21726729820706367
4,7961.240720650666,9900.0,0.0002417774963224684,0.0002480069202669246,0.21727117950156172
5,8017.208868899163,9900.0,0.0002440038004287656,0.00025133674009192536,0.21727300969672836
6,8027.856937388478,9900.0,0.0002550837199435459,0.00026058078247018083,0.21728253696220995
7,8016.245194927333,9900.0,0.00026161342450328875,0.0002689513377584202,0.21728759655872124
8,8004.782501357117,9900.0,0.00027015494701555266,0.00027540892523457455,0.21729351849488968
