,response_time,waiting_time,vehicle_density,trigger_density,info_value
1,69071.98717948717,99900.0,0.0003023943918746011,0.0004609127151941289,0.15990196261382517
2,68716.31695455813,99900.0,0.0003612817208186025,0.0005525859624150606,0.16305647014952712
3,56421.339440404496,99900.0,0.0003183098861837907,0.0005156620156177409,0.15755026762255103
4,73188.72248427673,99900.0,0.00031321692800485005,0.0004507267988362476,0.1602294139139893
5,74394.35169302243,99900.0,0.0003033493215331525,0.00044308736156783665,0.15825397007150283
6,80044.02720099667,99900.0,0.00024127889372731336,0.00035746200218439694,0.1454861397485112
7,63049.77824463119,99900.0,0.0002667436846220166,0.0003647831295666241,0.14976019423179654
8,63002.321428571435,99900.0,0.00023427607623126994,0.000343774677078494,0.1398642191307235
