,response_time,waiting_time,vehicle_density,trigger_density,info_value
1,69977.02573621456,99900.0,0.0002427112882151404,0.00031186411098856894,0.1722955699247481
2,71862.43606356843,99900.0,0.00032809791518394226,0.0004037760906241385,0.17292088687416812
3,68413.79404030128,99900.0,0.0003436155221354021,0.0004148373591690252,0.1729846239787578
4,70340.54117717672,99900.0,0.00031791199882606096,0.000390884540233695,0.1728316735169338
5,67125.31281374636,99900.0,0.0002534542468738433,0.0003158429845658663,0.17218364403956582
6,65773.09619350126,99900.0,0.00020793593314956128,0.00025329509193075143,0.17091135183384443
7,73443.44907009884,99900.0,0.00017347888797016592,0.0002046732568161774,0.1673990368547762
8,62148.48255964731,99900.0,0.0001347246593272894,0.00016042818263663049,0.14466937323449686
