,response_time,waiting_time,vehicle_density,trigger_density,info_value
1,89936.351010101,99900.0,0.0004007521467053925,0.0004545465174704531,0.16563267602635962
2,90337.62955182073,99900.0,0.00046314088439741545,0.0005576789205940012,0.16771532655607196
3,84586.41329258976,99900.0,0.00038515496228238677,0.00042621693760009575,0.16505238769804026
4,79559.0311940966,99900.0,0.0004338563748685067,0.0004682338425763561,0.16620611889238002
5,68268.96770368125,99900.0,0.000369557777859381,0.00040202538625012767,0.16156304999582455
6,92396.71394230769,99900.0,0.0002556028386055839,0.0003020760819884174,0.1442526870466771
7,62156.976744186046,99900.0,0.0002597408671259732,0.0003081239698259094,0.14781516593729452
8,62963.586956521736,86950.0,0.00022154368078391832,0.0002355493157760051,0.10008509893072726
9,19118.42105263158,29100.0,0.00039215777977843016,0.00039215777977843016,0.18541064580501299
