,response_time,waiting_time,vehicle_density,trigger_density,info_value
1,3936.9775308748544,4984.765625,0.0002736569774625708,0.00027471137896055463,0.21533526893632918
2,6120.483536620473,7239.84375,0.0003059057478065661,0.0003088899029895391,0.20921069269637987
3,5552.025291001974,6547.8515625,0.00034078057471157764,0.0003431480044900696,0.2170312285779295
4,5279.8409546256225,6319.53125,0.00034962362123712107,0.00035532335763659964,0.22099779339965125
5,4079.638215718698,5097.0703125,0.0003692096264213675,0.000370373446942727,0.2250509250000749
6,8017.305477454913,9043.75,0.00041184325680210894,0.0004185178172280253,0.21073135042153993
7,6672.802375869313,7769.53125,0.00044464906944692583,0.0004501995980872557,0.21583940992659117
8,8033.9373861481945,9090.625,0.0004670799692389399,0.0004753958150154914,0.2128625494940744
9,2869.1939671859773,3875.0,0.0004348113045270581,0.0004348113045270581,0.23264141192866977
