,response_time,waiting_time,vehicle_density,trigger_density,info_value
1,68656.60456387047,99900.0,0.0002563986133210434,0.0003225274921757259,0.17245220112252713
2,69389.7923689583,99900.0,0.00036565848175362954,0.00044706623514513403,0.17307658570306622
3,69764.68135386056,99900.0,0.0003947042588679005,0.0004521591933240747,0.17316073443912589
4,69038.00176270219,99900.0,0.0003566662274689375,0.0004139620069820198,0.1730416163631311
5,69309.46894897654,99900.0,0.0003473556632980616,0.0003935105967947112,0.17292785084672757
6,68953.52813352758,99900.0,0.00032491481632210435,0.00037417327120904594,0.17260081273295413
7,67764.21904755145,99900.0,0.00030446340613479576,0.00034632115616796427,0.17147551690381246
8,68586.1907821876,99900.0,0.00026769861428056795,0.0003099542516714662,0.1667081385097134
