,response_time,waiting_time,vehicle_density,trigger_density,info_value
1,8797.076656118154,9900.0,0.00021488963642488491,0.00021613054762180452,0.21724113468694708
2,8873.469208355711,9900.0,0.00024702463585252936,0.00024867089479513614,0.21727600342300427
3,8845.817677231098,9900.0,0.000249204934233089,0.0002511825587408051,0.21727786318346629
4,8751.925200801623,9896.875,0.0002547741138433124,0.0002558210549533388,0.217289951327371
5,8844.968205697012,9900.0,0.00026105203030949196,0.0002623308651451952,0.21728726991401115
6,7035.722996342847,8050.0,0.0002737956163387798,0.0002740579733152828,0.22274717998067745
7,8769.968927320704,9829.296875,0.0002850881569103469,0.00028647392397344006,0.21752553445973535
8,8863.643689712557,9894.53125,0.00029375899281387297,0.00029521998545553683,0.21732355621320593
9,7296.227549345322,8343.75,0.0003012405185371849,0.00030167819463068765,0.22148636271631134
