,response_time,waiting_time,vehicle_density,trigger_density,info_value
1,9210.328281713484,9900.0,0.00011180075223108841,0.00022019148546663367,0.21685660229899417
2,9299.10965593155,9900.0,0.0001154047413135248,0.0002495655196510316,0.2168890412847747
3,9262.968302500234,9900.0,0.0001159437543434493,0.0002545011879838697,0.21689373015034336
4,9321.955397207941,9900.0,0.00011675196303883784,0.00025867465334705676,0.21690032837349799
5,9285.46073724941,9900.0,0.0001165287730991113,0.00026346795260970724,0.21689854036159492
6,9317.984365773555,9900.0,0.00011643116635666824,0.0002740828412751409,0.21689778141304522
7,9322.186023127833,9900.0,0.00011844422770718212,0.0002840492978872744,0.21691412386327097
8,9376.431616393515,9900.0,0.0001174544829048294,0.0002942352142451557,0.21690619576360154
