,response_time,waiting_time,vehicle_density,trigger_density,info_value
1,8035.243644798971,9695.3125,0.00025824878953448666,0.0002668133149096193,0.19612709972208547
2,7874.48976408178,9886.1328125,0.00028995046476160363,0.00030205618762053086,0.19959460225095713
3,7899.7625939300615,9900.0,0.00030697009648849314,0.00032540222833532333,0.20115037028258448
4,7822.8566319996335,9831.25,0.0003196129672803556,0.0003452369131181507,0.2023388273966264
5,7660.39631222709,9446.09375,0.0003318977394502613,0.00035343339268738337,0.204480776861158
6,8089.908468593023,9828.125,0.0003582179881640834,0.0003695876194112107,0.2053520816831592
7,7899.444977187117,9847.265625,0.0003921876213302598,0.00040449228786805204,0.20717566977736074
8,7890.300373037431,9892.3828125,0.00041044070386611164,0.00042445628604214166,0.20787553380853568
9,5981.024531024532,7850.0,0.0004583662361046586,0.00046345919428359924,0.21489079433287436
