,response_time,waiting_time,vehicle_density,trigger_density,info_value
1,6920.943857872312,9900.0,0.0002213745786568832,0.0002561499337224623,0.18918942796209037
2,7023.965028545994,9900.0,0.00025485679980984067,0.0002874935103276225,0.19514464022718037
3,7173.442534225417,9900.0,0.00027191622027250323,0.00031482837180365553,0.19737570393752793
4,7187.238124229467,9900.0,0.00030572669849558774,0.0003396664901099344,0.200932622308296
5,7144.491134322654,9900.0,0.0003047618216530931,0.0003599289038023213,0.20092803670907894
6,6974.434760152911,9900.0,0.0003242781965497368,0.0003772568982314514,0.20277434034161834
7,6926.43382094174,9900.0,0.00035415953711524014,0.0004020054918822412,0.20487220240751017
8,7091.86907555132,9900.0,0.0003426804868447372,0.0004145289964667847,0.20420762086751526
