,response_time,waiting_time,vehicle_density,trigger_density,info_value
1,6987.837586805205,9900.0,0.00018575309125713188,0.00021381782735500042,0.2171921791237712
2,7191.873098757629,9900.0,0.00021296982992383893,0.00024648562282260486,0.21723818027562497
3,7136.800766077986,9900.0,0.00021407272394354605,0.0002460554071170596,0.2172395106161205
4,7143.356570740271,9900.0,0.00021748398633708208,0.0002505185842125936,0.21724451182122032
5,7029.106073809389,9900.0,0.0002251949189900851,0.00025812134124021387,0.2172534537307394
6,7098.075354359393,9900.0,0.00023492575168256304,0.00026889724994572876,0.21726451043313522
7,7032.606865351252,9900.0,0.00023924904650389522,0.0002782575500363209,0.2172688175448491
8,7096.517621458287,9900.0,0.0002492347757849187,0.0002889060104475631,0.21727787022474848
