,response_time,waiting_time,vehicle_density,trigger_density,info_value
1,74063.32022144523,99900.0,0.0003676479185422783,0.00044308736156783665,0.16423094245023206
2,83627.91396103897,99900.0,0.00041666764101458203,0.0005277577912927249,0.16563440704344906
3,75911.01365852286,99900.0,0.00034886763525743465,0.00045613806690137206,0.161855259325979
4,80350.91861263737,98825.0,0.0003947042588679005,0.0004924253939263242,0.16527909798318385
5,79960.41744987469,99900.0,0.00031321692800485005,0.0003912028501198788,0.15994188071217447
6,79977.41935483871,99900.0,0.00029411833483382257,0.0003463211561679643,0.15859062556837944
7,80650.0,99900.0,0.00016424790127083597,0.00023300283668653478,0.13572836012438408
8,39200.0,55900.0,2.0371832715762605e-05,2.801126998417358e-05,0.031148387756390162
