,response_time,waiting_time,vehicle_density,trigger_density,info_value
1,6875.0703441565465,9900.0,0.0002335797733552429,0.0002742637556831086,0.19105471066382956
2,6643.961173089945,9900.0,0.0002801325942096223,0.0003110384947212797,0.19840195318234682
3,6801.5602592467885,9900.0,0.0002955706236895362,0.0003282272285752044,0.2002064314365185
4,6920.623374324319,9900.0,0.00031529588944898793,0.00035212036440687516,0.20199808833731336
5,6454.326444369274,9900.0,0.0003522297834302509,0.0003967334843923221,0.20468168668256315
6,6941.080490658787,9900.0,0.0003949032025467653,0.0004243966029384822,0.2068718867945243
7,6951.490424396068,9900.0,0.0004184879756761956,0.00047550523403886704,0.20810202413787143
8,6514.196004583236,9900.0,0.00042784827576678765,0.0004821300585450672,0.20861244733561005
