,response_time,waiting_time,vehicle_density,trigger_density,info_value
1,7222.783989860747,9900.0,0.00014892426440626943,0.0001793601604766086,0.21269018809193274
2,7461.6419843469885,9900.0,0.00017593335560816127,0.00021874106170790948,0.2139818445296541
3,7323.875605246334,9900.0,0.00019097598452633117,0.00023618344875238687,0.214513496698358
4,7551.316313047837,9900.0,0.0001962455052202644,0.00024539702787981614,0.2146820648699217
5,7579.654060582142,9900.0,0.00019672794364151172,0.00025309366145590076,0.2146733290933101
6,7645.719792295831,9900.0,0.000206045968200345,0.00027236135675396333,0.21492255333576454
7,7690.70724336961,9900.0,0.00021702517247769999,0.0002840642186631893,0.21515656507814718
8,7705.759800202804,9900.0,0.0002211060046904156,0.0002847804159071028,0.21523873038479935
