,response_time,waiting_time,vehicle_density,trigger_density,info_value
1,9502.297340230238,9900.0,0.00012073021491713876,0.0002235542553384464,0.21693174383956915
2,9548.823751269832,9900.0,0.0001225834996255643,0.0002517352491486516,0.21694530632605713
3,9559.542157775566,9900.0,0.00012295278882945722,0.00025564573583633916,0.2169478909366887
4,9548.978577515743,9900.0,0.0001233121308494069,0.0002576805566517289,0.2169504546839826
5,8888.67386155243,9200.0,0.000124014029016402,0.00026377258511796906,0.21878330333545112
6,9309.298938583142,9656.4453125,0.0001241483159996358,0.0002733106911215466,0.21763565858677925
7,9530.899002321565,9848.4375,0.00012398978275554037,0.0002807822696609154,0.21709043571327458
8,8859.824752356119,9200.0,0.00012412220464178478,0.0002902538538718725,0.218992294348275
9,7785.51282051282,8050.0,0.0001260507149287811,0.0003051000259071634,0.22209111574623924
