,response_time,waiting_time,vehicle_density,trigger_density,info_value
1,8020.458517426835,9875.0,0.0001897251261454683,0.00019907796584810297,0.2145325599819897
2,8243.029164947817,9890.234375,0.00023698171026383216,0.00024839610383870403,0.21553863622821254
3,8150.716151932718,9825.0,0.00024508120478961817,0.00026419471873656043,0.2158309730021644
4,8240.761148408263,9900.0,0.00025575701995670416,0.000281070116296273,0.21576963383247966
5,8261.457540716045,9900.0,0.0002617402510985651,0.00028412141497086293,0.21584813348965443
6,8271.777496606048,9900.0,0.0002618049077941962,0.00028768499361852987,0.2158517817732346
7,8317.520948641064,9900.0,0.00026769612748458213,0.00029751529815044025,0.21590954712159371
8,8313.188423869171,9900.0,0.0002780014100497824,0.0003103894409689831,0.2160228491953602
