,response_time,waiting_time,vehicle_density,trigger_density,info_value
1,5140.208286221494,6250.0,0.00018786251595209595,0.0001883946902930595,0.2267551640042502
2,6359.138619428082,7387.3046875,0.00022043456977424667,0.00022217781376030008,0.22376174390376669
3,8697.717209732473,9725.390625,0.00024169667545292955,0.00024492453664251205,0.2161661233311241
4,8839.816606529952,9775.0,0.00025451113516781294,0.0002576444981099346,0.21615447848951008
5,6583.562582009183,7589.0625,0.0002681387771700565,0.00027246082859339575,0.22383097933125337
6,8598.885288703008,9692.578125,0.00027465666944886675,0.0002791950721229716,0.21674444701175213
7,8424.66189930348,9434.9609375,0.0002876079029429698,0.0002918851920385645,0.2178481448397946
8,8844.849144061762,9889.0625,0.00029830361247794226,0.00030227005207531063,0.2162303632181114
9,4501.503623188406,5500.0,0.00031258030823248247,0.0003151267873219528,0.2310742436002992
