,response_time,waiting_time,vehicle_density,trigger_density,info_value
1,80697.05070548135,99900.0,0.0002805105871994655,0.0003201401680293475,0.17265129539339777
2,80494.76093715089,99900.0,0.00037855003214407306,0.00041284792238037655,0.17313895091742343
3,80742.09335162138,99900.0,0.000383165525493738,0.00041937327504714425,0.17315513842665364
4,80549.60996511873,99900.0,0.0003468781984687859,0.00037894791950180285,0.17302374943517812
5,81642.10342715394,99900.0,0.000308760589598277,0.0003296098871433153,0.1728089110619723
6,79633.24123732196,99900.0,0.0002505894578981892,0.00027406481200424376,0.1721054706263671
7,79878.36991323074,99900.0,0.00020841339797883696,0.00022194156814164806,0.1709832111793434
8,80725.06666819494,99900.0,0.00017021621163678207,0.00018533593123051212,0.1685138553276862
9,79781.81818181818,98400.0,0.0004354479242994257,0.00043672116384416084,0.17351628835273905
