,response_time,waiting_time,vehicle_density,trigger_density,info_value
1,87722.79221361293,99900.0,0.000305736645679531,0.00031379386467355816,0.17367632113410073
2,87248.19283424737,99900.0,0.000350439290320467,0.00036106288277185105,0.17368982270799466
3,89505.69634543144,99900.0,0.00032429809091762325,0.0003352399932551911,0.17368249027379665
4,90005.2717480045,99900.0,0.00026618664232119495,0.00027364703027862755,0.17365745320312093
5,89028.95541546374,99900.0,0.0002028628693385071,0.00021147713063335595,0.17359875819677267
6,89348.97394364048,99900.0,0.0001747720218827876,0.00017819385315926334,0.17354251617422617
7,89498.37227486527,99900.0,0.0001435776530367761,0.00014878997742303566,0.1734213243951181
8,90334.48743112377,99900.0,0.00010681286118254825,0.00011148803763587269,0.17300604160039368
