,response_time,waiting_time,vehicle_density,trigger_density,info_value
1,88651.22756410256,99900.0,0.00048064792813752393,0.0005096141277802489,0.1680944284694042
2,91473.9795136685,99900.0,0.0005455831449190172,0.0005926930080742182,0.16892907383079525
3,84797.33169306253,92987.5,0.0004892422950644863,0.0005347606087887683,0.16835908914532105
4,83133.36389894769,93700.0,0.0004188958102178685,0.00047650989961713465,0.16439261058154245
5,86821.79501488095,93925.0,0.00041125637294945754,0.0004376760935027122,0.16449866008503067
6,70075.47473560517,90600.0,0.000520118354024314,0.0005283944110650925,0.16609825159587538
7,73209.98039215687,85700.0,0.0005653183578624123,0.0005831437114887046,0.17218285432542113
8,87287.5974025974,99900.0,0.000532214129699298,0.0005500394833255903,0.16909205622443702
9,29353.153153153155,38000.0,0.0005653183578624123,0.0005653183578624123,0.18519423369748053
