,response_time,waiting_time,vehicle_density,trigger_density,info_value
1,8717.370767975874,9900.0,9.861949010829793e-05,0.00021487471564897003,0.21670683186792472
2,8819.377105700392,9900.0,0.00010220171972585848,0.00024260000409477534,0.21675340599004522
3,8863.989525635552,9900.0,0.00010335621476227116,0.0002486043730025157,0.2167672657428928
4,8840.439798106829,9900.0,0.0001032163324880693,0.0002530190575763264,0.21676577964607444
5,8949.487964812944,9900.0,0.00010401770249449685,0.00025992551172791963,0.2167751997575857
6,8925.920751402975,9900.0,0.00010560427833344418,0.0002722307999647083,0.2167932808370726
7,8985.026161278474,9900.0,0.00010633353125628323,0.00028003871766115796,0.21680138965387535
8,8941.074482399348,9900.0,0.0001060313855440072,0.00029036700308922693,0.21679796375693103
